Date,Open,High,Low,Close,Volume,Dividends,Stock Splits
2016-01-04,11.26,11.86,11.26,11.61,3056593,0.0,0
2016-01-05,11.56,12.01,11.46,11.91,1248161,0.0,0
2016-01-06,11.91,12.16,11.51,12.01,613793,0.0,0
2016-01-07,12.01,12.31,11.61,11.61,508672,0.0,0
2016-01-08,11.66,11.96,11.56,11.81,163526,0.0,0
2016-01-11,11.81,12.41,11.41,12.21,1096558,0.0,0
2016-01-12,12.11,12.41,11.71,11.76,492006,0.0,0
2016-01-13,12.11,12.8,11.91,12.5,2200902,0.0,0
2016-01-14,12.36,12.85,12.11,12.5,984506,0.0,0
2016-01-15,12.6,13.05,12.45,12.55,1043702,0.0,0
2016-01-18,12.21,13.0,12.21,12.6,1150526,0.0,0
2016-01-19,12.85,13.2,12.6,12.7,1040471,0.0,0
2016-01-20,12.7,12.8,12.26,12.41,356220,0.0,0
2016-01-21,12.36,13.0,12.31,12.45,1237948,0.0,0
2016-01-22,12.7,13.15,12.65,12.7,1028412,0.0,0
2016-01-25,12.8,13.1,12.8,12.8,330752,0.0,0
2016-01-26,12.8,12.8,12.5,12.5,266256,0.0,0
2016-01-27,12.55,12.8,12.55,12.6,122023,0.0,0
2016-01-28,12.8,12.8,12.41,12.5,198550,0.0,0
2016-01-29,12.45,12.65,12.31,12.36,276002,0.0,0
2016-02-01,12.21,12.31,11.96,11.96,151037,0.0,0
2016-02-02,11.91,11.91,11.61,11.66,173787,0.0,0
2016-02-03,11.61,11.86,11.61,11.66,134670,0.0,0
2016-02-15,11.61,12.06,11.56,11.91,197222,0.0,0
2016-02-16,11.81,12.16,11.81,11.91,173014,0.0,0
2016-02-17,12.01,12.01,11.61,11.81,329005,0.0,0
2016-02-18,11.81,12.21,11.71,11.81,221432,0.0,0
2016-02-19,11.81,12.01,11.71,11.71,111148,0.0,0
2016-02-22,11.56,12.11,11.56,12.11,364007,0.0,0
2016-02-23,12.11,12.26,11.96,12.16,154037,0.0,0
2016-02-24,12.06,12.06,11.86,11.91,102037,0.0,0
2016-02-25,11.91,12.06,11.86,11.91,144750,0.0,0
2016-02-26,12.06,12.06,11.86,11.91,122742,0.0,0
2016-03-01,11.86,12.75,11.76,12.41,664408,0.0,0
2016-03-02,12.41,12.65,12.41,12.41,161470,0.0,0
2016-03-03,12.41,12.6,12.31,12.41,168506,0.0,0
2016-03-04,12.41,13.2,12.31,12.85,1393185,0.0,0
2016-03-07,13.15,13.74,13.05,13.65,1061742,0.0,0
2016-03-08,13.65,13.99,13.5,13.5,1560656,0.0,0
2016-03-09,13.55,14.04,13.2,13.74,637690,0.0,0
2016-03-10,13.6,13.7,13.4,13.4,1122826,0.0,0
2016-03-11,13.45,13.65,13.1,13.2,441524,0.0,0
2016-03-14,13.4,14.49,13.35,14.49,2206462,0.0,0
2016-03-15,14.79,15.08,13.6,13.65,1499419,0.0,0
2016-03-16,13.7,14.09,13.6,13.79,667222,0.0,0
2016-03-17,14.04,14.04,13.65,13.7,216588,0.0,0
2016-03-18,13.84,13.84,13.65,13.7,97778,0.0,0
2016-03-21,13.7,14.09,13.55,13.55,440306,0.0,0
2016-03-22,13.6,14.39,13.45,14.29,812611,0.0,0
2016-03-23,14.39,14.39,13.89,13.89,314843,0.0,0
2016-03-24,13.89,14.14,13.6,14.09,330666,0.0,0
2016-03-25,14.19,14.99,14.04,14.04,962864,0.0,0
2016-03-28,13.94,14.19,13.89,13.89,252950,0.0,0
2016-03-29,14.14,14.19,13.25,13.25,553074,0.0,0
2016-03-30,13.3,13.84,13.25,13.65,165099,0.0,0
2016-03-31,13.65,14.14,13.65,14.04,481529,0.0,0
2016-04-01,14.04,14.19,13.89,14.04,185377,0.0,0
2016-04-06,14.04,14.19,13.94,14.04,163421,0.0,0
2016-04-07,14.04,14.19,13.7,13.74,121074,0.0,0
2016-04-08,13.89,14.19,13.65,14.14,216742,0.0,0
2016-04-11,13.89,15.28,13.89,14.89,1281567,0.0,0
2016-04-12,14.89,15.48,14.19,14.34,1715130,0.0,0
2016-04-13,14.34,15.73,14.29,15.73,3644276,0.0,0
2016-04-14,15.68,15.68,15.08,15.13,2013567,0.0,0
2016-04-15,15.33,15.58,14.74,15.23,881001,0.0,0
2016-04-18,15.23,15.53,14.99,15.43,492524,0.0,0
2016-04-19,15.38,15.63,15.08,15.33,348263,0.0,0
2016-04-20,15.28,16.32,15.23,16.03,2482569,0.0,0
2016-04-21,15.93,16.52,15.93,16.42,1024428,0.0,0
2016-04-22,16.52,16.57,15.28,15.48,1094142,0.0,0
2016-04-25,15.38,15.38,14.69,14.69,499385,0.0,0
2016-04-26,14.84,15.08,14.39,14.39,415090,0.0,0
2016-04-27,14.49,14.79,14.49,14.64,192503,0.0,0
2016-04-28,14.99,15.08,14.59,14.59,221498,0.0,0
2016-04-29,14.59,15.38,14.29,14.99,300704,0.0,0
2016-05-03,15.28,15.28,14.89,14.94,128402,0.0,0
2016-05-04,14.79,14.99,14.69,14.69,46160,0.0,0
2016-05-05,14.69,14.79,14.59,14.64,50873,0.0,0
2016-05-06,14.79,14.89,14.69,14.89,57174,0.0,0
2016-05-09,14.89,15.03,14.64,14.69,215074,0.0,0
2016-05-10,14.84,14.89,14.74,14.89,47001,0.0,0
2016-05-11,14.89,14.89,13.89,13.94,336513,0.0,0
2016-05-12,13.84,14.79,13.4,14.24,761143,0.0,0
2016-05-13,14.24,14.39,13.99,14.39,137518,0.0,0
2016-05-16,14.14,14.29,14.09,14.14,86815,0.0,0
2016-05-17,14.04,14.54,13.99,14.44,80030,0.0,0
2016-05-18,14.39,14.39,14.29,14.39,71205,0.0,0
2016-05-19,14.44,14.84,14.14,14.39,90817,0.0,0
2016-05-20,14.39,14.79,14.29,14.44,44600,0.0,0
2016-05-23,14.39,14.59,14.34,14.54,23000,0.0,0
2016-05-24,14.54,14.54,14.14,14.24,77371,0.0,0
2016-05-25,14.29,14.34,14.09,14.09,71935,0.0,0
2016-05-26,14.04,14.24,13.79,14.04,188490,0.0,0
2016-05-27,14.04,14.14,13.84,13.84,91111,0.0,0
2016-05-30,13.99,14.84,13.99,14.79,385211,0.0,0
2016-05-31,14.89,14.94,14.59,14.74,143402,0.0,0
2016-06-01,14.84,15.38,14.54,15.38,347920,0.0,0
2016-06-02,15.18,15.33,14.64,14.64,118082,0.0,0
2016-06-03,14.64,15.28,14.64,15.03,137192,0.0,0
2016-06-06,15.28,15.78,15.03,15.08,4367398,0.0,0
2016-06-07,15.08,15.08,15.08,15.08,0,0.0,0
2016-06-08,14.99,15.08,14.94,14.94,65430,0.0,0
2016-06-13,14.79,14.94,14.59,14.74,104008,0.0,0
2016-06-14,14.64,14.94,14.59,14.84,51408,0.0,0
2016-06-15,14.69,14.89,14.64,14.79,114000,0.0,0
2016-06-16,14.64,14.69,14.59,14.59,17261,0.0,0
2016-06-17,14.59,14.69,14.44,14.69,76002,0.0,0
2016-06-20,14.59,14.69,14.49,14.69,2580000,0.0,0
2016-06-21,14.69,14.89,13.5,14.59,534842,0.0,0
2016-06-22,14.44,14.69,14.44,14.49,69543,0.0,0
2016-06-23,14.49,14.54,14.09,14.09,86302,0.0,0
2016-06-24,14.24,14.24,13.3,13.6,346001,0.0,0
2016-06-27,13.65,13.89,13.6,13.84,70591,0.0,0
2016-06-28,13.84,13.84,13.65,13.65,15000,0.0,0
2016-06-29,13.7,13.7,13.5,13.5,91336,0.0,0
2016-06-30,13.74,13.74,13.7,13.74,27020,0.0,0
2016-07-01,13.89,13.89,13.55,13.55,52300,0.0,0
2016-07-04,13.65,13.65,13.25,13.25,164176,0.0,0
2016-07-05,13.25,13.25,13.05,13.05,42001,0.0,0
2016-07-06,13.0,13.05,12.9,12.9,35043,0.0,0
2016-07-07,12.85,13.05,12.85,13.05,36001,0.0,0
2016-07-08,13.05,13.05,13.05,13.05,0,0.0,0
2016-07-11,13.2,13.2,12.95,12.95,19030,0.0,0
2016-07-12,12.9,13.2,12.8,12.95,72259,0.0,0
2016-07-13,12.95,13.05,12.95,13.05,9296,0.0,0
2016-07-14,12.95,13.1,12.8,13.0,22656,0.0,0
2016-07-15,12.6,12.9,12.6,12.75,89111,0.0,0
2016-07-18,12.8,12.8,12.6,12.65,83445,0.0,0
2016-07-19,12.7,12.7,12.45,12.6,70000,0.0,0
2016-07-20,12.6,12.8,12.45,12.8,83524,0.0,0
2016-07-21,12.8,13.35,12.8,13.1,127148,0.0,0
2016-07-22,13.05,13.15,12.85,13.1,75001,0.0,0
2016-07-25,13.0,13.0,12.75,12.8,23003,0.0,0
2016-07-26,12.7,12.75,12.6,12.6,81978,0.0,0
2016-07-27,12.95,12.95,12.65,12.65,25074,0.0,0
2016-07-28,12.75,12.75,12.6,12.6,20538,0.0,0
2016-07-29,12.8,12.9,12.65,12.9,52742,0.0,0
2016-08-01,12.95,13.3,12.75,13.3,155002,0.0,0
2016-08-02,13.4,13.65,13.2,13.2,928148,0.0,0
2016-08-03,13.1,13.3,12.9,12.9,69006,0.0,0
2016-08-04,12.9,12.95,12.8,12.9,27076,0.0,0
2016-08-05,12.8,12.9,12.8,12.85,24157,0.0,0
2016-08-08,12.75,12.9,12.75,12.9,2346003,0.0,0
2016-08-09,13.7,14.19,13.7,14.19,438300,0.0,0
2016-08-10,14.04,14.79,13.74,14.64,717274,0.0,0
2016-08-11,14.49,14.49,13.84,14.09,368630,0.0,0
2016-08-12,14.04,14.79,14.04,14.79,360981,0.0,0
2016-08-15,14.99,15.48,14.79,15.28,852594,0.0,0
2016-08-16,15.38,15.43,14.59,14.89,558004,0.0,0
2016-08-17,15.18,16.37,15.18,16.37,7650718,0.0,0
2016-08-18,16.13,18.01,16.08,18.01,5189999,0.0,0
2016-08-19,18.11,19.8,18.11,19.8,6020558,0.0,0
2016-08-22,20.24,21.73,20.24,21.73,3037666,0.0,0
2016-08-23,23.22,23.52,20.84,21.54,3128142,0.0,0
2016-08-24,21.54,21.54,20.64,20.89,1072817,0.0,0
2016-08-25,21.05,22.55,21.05,22.2,1404526,0.159975,0
2016-08-26,21.9,23.3,21.9,23.2,1147202,0.0,0
2016-08-29,23.5,25.4,23.5,25.2,2584353,0.0,0
2016-08-30,25.3,27.0,23.6,24.2,3226233,0.0,0
2016-08-31,24.25,25.4,23.8,24.0,988784,0.0,0
2016-09-01,24.15,25.3,24.15,25.2,991550,0.0,0
2016-09-02,25.4,26.1,24.5,25.0,1026789,0.0,0
2016-09-05,25.9,27.5,25.2,27.5,1818411,0.0,0
2016-09-06,28.5,30.25,28.5,30.25,3586716,0.0,0
2016-09-07,30.25,30.5,28.3,29.9,3592527,0.0,0
2016-09-08,29.35,31.5,29.0,31.35,1760873,0.0,0
2016-09-09,31.0,31.5,29.8,30.25,1619317,0.0,0
2016-09-12,30.1,32.35,29.8,31.65,4532943,0.0,0
2016-09-13,31.85,32.6,31.1,31.3,1753908,0.0,0
2016-09-14,31.0,32.05,30.8,31.8,1075371,0.0,0
2016-09-19,32.8,34.95,32.5,34.95,4051172,0.0,0
2016-09-20,34.65,35.25,34.3,35.25,2202858,0.0,0
2016-09-21,35.45,35.7,35.05,35.7,1728738,0.0,0
2016-09-22,36.1,38.0,35.7,38.0,2710611,0.0,0
2016-09-23,38.0,38.9,37.3,38.05,2984757,0.0,0
2016-09-26,37.9,37.9,36.8,37.5,1577500,0.0,0
2016-09-27,37.5,37.5,37.5,37.5,0,0.0,0
2016-09-28,37.5,37.5,37.5,37.5,0,0.0,0
2016-09-29,37.6,38.5,36.55,37.55,5913722,0.0,0
2016-09-30,37.3,37.45,35.1,36.0,2758070,0.0,0
2016-10-03,36.0,36.35,35.05,36.0,1677551,0.0,0
2016-10-04,36.0,36.8,35.55,36.4,1634952,0.0,0
2016-10-05,36.4,36.5,35.55,36.35,1151797,0.0,0
2016-10-06,36.05,36.95,35.95,36.35,1585358,0.0,0
2016-10-07,36.4,36.6,35.8,36.4,857183,0.0,0
2016-10-11,35.5,36.2,32.8,34.85,3631703,0.0,0
2016-10-12,34.85,35.4,33.8,34.3,2010499,0.0,0
2016-10-13,34.25,34.5,32.8,33.25,1774054,0.0,0
2016-10-14,32.0,32.45,29.95,29.95,4472001,0.0,0
2016-10-17,28.65,30.2,27.8,29.9,3603685,0.0,0
2016-10-18,29.3,29.75,28.0,28.2,2940065,0.0,0
2016-10-19,28.95,29.95,28.45,28.6,2800042,0.0,0
2016-10-20,28.4,29.25,28.0,28.8,1494880,0.0,0
2016-10-21,29.0,30.85,28.85,30.15,4132100,0.0,0
2016-10-24,28.0,28.55,27.15,27.15,6553259,0.0,0
2016-10-25,27.6,28.95,27.0,28.7,3982615,0.0,0
2016-10-26,29.4,29.4,28.5,28.95,1379500,0.0,0
2016-10-27,29.0,29.8,28.8,29.1,1638867,0.0,0
2016-10-28,29.1,29.5,28.95,29.5,1682038,0.0,0
2016-10-31,29.9,30.95,29.55,30.9,2396501,0.0,0
2016-11-01,31.6,33.95,31.35,33.95,4530490,0.0,0
2016-11-02,33.7,33.7,32.05,32.15,3307804,0.0,0
2016-11-03,32.0,32.4,31.1,32.15,2020016,0.0,0
2016-11-04,32.6,33.75,32.1,32.6,1786821,0.0,0
2016-11-07,32.8,32.9,32.3,32.7,907810,0.0,0
2016-11-08,32.9,32.9,31.1,31.35,1703169,0.0,0
2016-11-09,30.9,31.45,29.7,29.7,2221203,0.0,0
2016-11-10,30.1,32.5,30.1,31.85,1985265,0.0,0
2016-11-11,31.5,32.2,31.05,32.2,796800,0.0,0
2016-11-14,32.2,33.7,32.1,32.35,1251623,0.0,0
2016-11-15,32.3,32.7,32.2,32.2,564889,0.0,0
2016-11-16,32.3,32.35,32.0,32.25,569043,0.0,0
2016-11-17,31.9,32.1,31.55,32.0,455731,0.0,0
2016-11-18,32.0,32.25,31.8,31.85,617030,0.0,0
2016-11-21,31.65,31.8,31.35,31.45,550407,0.0,0
2016-11-22,31.4,32.35,31.3,31.5,1872037,0.0,0
2016-11-23,31.0,31.65,30.45,30.45,1041002,0.0,0
2016-11-24,30.6,30.8,30.4,30.45,1194035,0.0,0
2016-11-25,30.55,30.8,29.2,30.4,1923422,0.0,0
2016-11-28,30.4,30.95,30.4,30.45,796423,0.0,0
2016-11-29,30.45,30.95,30.45,30.6,652999,0.0,0
2016-11-30,30.9,33.4,30.9,33.0,2155749,0.0,0
2016-12-01,33.4,35.8,33.3,34.7,2882069,0.0,0
2016-12-02,34.85,35.2,33.5,34.1,1308914,0.0,0
2016-12-05,34.05,34.75,33.65,34.3,579111,0.0,0
2016-12-06,34.3,34.5,34.05,34.25,1010371,0.0,0
2016-12-07,34.6,35.8,34.25,34.25,1085328,0.0,0
2016-12-08,34.35,34.75,34.3,34.5,1544136,0.0,0
2016-12-09,34.5,34.9,33.85,34.5,917441,0.0,0
2016-12-12,34.15,34.95,34.15,34.2,408504,0.0,0
2016-12-13,33.9,34.4,31.25,33.0,2279805,0.0,0
2016-12-14,33.0,33.7,33.0,33.2,1225940,0.0,0
2016-12-15,33.15,33.8,33.0,33.3,425074,0.0,0
2016-12-16,33.45,34.5,33.45,34.4,1182844,0.0,0
2016-12-19,34.55,35.0,34.5,34.55,789616,0.0,0
2016-12-20,34.55,35.0,34.55,34.7,894219,0.0,0
2016-12-21,34.85,34.85,34.3,34.3,240600,0.0,0
2016-12-22,34.35,34.4,33.6,33.75,303218,0.0,0
2016-12-23,33.75,34.7,33.75,33.8,517201,0.0,0
2016-12-26,33.85,34.6,33.85,34.0,1202844,0.0,0
2016-12-27,34.25,34.25,33.5,33.5,566394,0.0,0
2016-12-28,33.4,33.6,33.0,33.45,491445,0.0,0
2016-12-29,33.45,33.55,33.0,33.45,682765,0.0,0
2016-12-30,33.2,33.7,33.15,33.45,385227,0.0,0
2017-01-03,33.4,33.5,33.05,33.5,446853,0.0,0
2017-01-04,33.45,33.5,33.05,33.5,423966,0.0,0
2017-01-05,33.5,33.5,33.25,33.5,443325,0.0,0
2017-01-06,33.5,34.45,33.4,33.8,727530,0.0,0
2017-01-09,34.3,34.3,33.8,34.0,527042,0.0,0
2017-01-10,34.0,37.4,33.9,35.8,4594808,0.0,0
2017-01-11,35.45,36.3,34.55,36.1,1392023,0.0,0
2017-01-12,36.15,36.75,35.8,36.0,723815,0.0,0
2017-01-13,36.2,37.2,35.55,36.55,1337303,0.0,0
2017-01-16,36.55,37.15,36.1,36.4,853505,0.0,0
2017-01-17,36.4,37.45,36.4,36.5,1054532,0.0,0
2017-01-18,36.6,36.7,36.15,36.45,418633,0.0,0
2017-01-19,36.55,37.25,36.45,36.8,4813031,0.0,0
2017-01-20,37.0,37.25,36.9,36.9,3519142,0.0,0
2017-01-23,36.9,38.0,36.9,37.85,2175888,0.0,0
2017-01-24,38.0,41.5,38.0,41.3,4244960,0.0,0
2017-02-02,42.4,45.4,42.4,45.15,5520101,0.0,0
2017-02-03,45.15,45.7,44.6,45.15,3338970,0.0,0
2017-02-06,46.0,46.7,45.55,46.1,7870602,0.0,0
2017-02-07,46.15,46.6,45.8,46.1,1956472,0.0,0
2017-02-08,47.35,49.2,46.9,48.95,3731244,0.0,0
2017-02-09,49.0,53.7,49.0,53.0,5860228,0.0,0
2017-02-10,53.6,57.2,52.9,55.2,4980218,0.0,0
2017-02-13,52.9,53.9,49.7,51.4,5315505,0.0,0
2017-02-14,50.4,54.0,48.0,53.7,3607044,0.0,0
2017-02-15,54.8,54.8,53.2,53.7,1965266,0.0,0
2017-02-16,54.0,54.7,52.0,54.5,2478658,0.0,0
2017-02-17,54.7,57.4,54.5,56.2,7722659,0.0,0
2017-02-20,56.3,56.4,54.5,55.6,1756029,0.0,0
2017-02-21,56.0,56.0,54.6,54.7,1534683,0.0,0
2017-02-22,54.2,55.0,53.6,54.9,1207632,0.0,0
2017-02-23,55.0,55.2,54.1,54.9,1031888,0.0,0
2017-02-24,54.8,56.7,54.5,55.6,1371916,0.0,0
2017-03-01,56.0,59.3,55.9,58.1,3505760,0.0,0
2017-03-02,58.3,58.8,57.1,57.5,1708391,0.0,0
2017-03-03,57.0,59.7,56.9,59.4,2145153,0.0,0
2017-03-06,60.5,64.7,60.4,64.4,3790465,0.0,0
2017-03-07,65.1,68.0,63.7,64.8,4134439,0.0,0
2017-03-08,64.5,65.4,63.1,64.7,2292372,0.0,0
2017-03-09,64.7,64.7,62.0,63.4,1895516,0.0,0
2017-03-10,63.2,64.3,62.0,63.9,1351595,0.0,0
2017-03-13,64.7,66.4,64.7,65.5,1270140,0.0,0
2017-03-14,66.0,66.0,65.1,65.8,780599,0.0,0
2017-03-15,66.0,67.5,66.0,66.3,1821521,0.0,0
2017-03-16,66.7,66.9,65.3,65.8,697772,0.0,0
2017-03-17,66.3,67.1,65.4,66.0,997109,0.0,0
2017-03-20,66.1,66.7,65.4,66.2,677286,0.0,0
2017-03-21,66.8,66.8,65.0,65.0,575308,0.0,0
2017-03-22,63.5,64.5,61.5,63.1,2690299,0.0,0
2017-03-23,64.5,65.1,61.9,63.9,1452585,0.0,0
2017-03-24,63.8,64.2,62.8,63.8,444926,0.0,0
2017-03-27,63.7,63.9,62.5,62.5,714616,0.0,0
2017-03-28,61.5,62.1,61.4,61.5,1582099,0.0,0
2017-03-29,61.6,62.4,55.4,56.9,7283244,0.0,0
2017-03-30,55.3,56.7,52.6,56.3,2852121,0.0,0
2017-03-31,56.3,58.0,56.1,56.6,2144372,0.0,0
2017-04-05,56.7,56.8,55.6,56.3,1225979,0.0,0
2017-04-06,56.2,56.5,55.9,56.5,491993,0.0,0
2017-04-07,56.5,57.0,56.0,56.5,759500,0.0,0
2017-04-10,56.6,56.6,55.4,56.0,1194811,0.0,0
2017-04-11,56.6,60.7,55.8,58.1,1989121,0.0,0
2017-04-12,58.8,58.8,56.9,56.9,1128136,0.0,0
2017-04-13,56.7,57.4,56.5,56.5,572490,0.0,0
2017-04-14,56.2,56.4,53.0,55.1,1379083,0.0,0
2017-04-17,55.3,55.6,49.6,52.0,5794621,0.0,0
2017-04-18,51.2,51.6,46.8,50.0,3313069,0.0,0
2017-04-19,48.15,49.75,46.95,48.45,1663881,0.0,0
2017-04-20,48.0,50.1,48.0,48.6,1369772,0.0,0
2017-04-21,49.0,50.8,49.0,50.8,1564827,0.0,0
2017-04-24,55.0,55.0,50.0,50.7,1000117,0.0,0
2017-04-25,51.5,51.6,50.1,50.8,384985,0.0,0
2017-04-26,51.1,51.6,50.9,51.0,439822,0.0,0
2017-04-27,49.2,50.8,46.7,50.8,2846225,0.0,0
2017-04-28,50.0,52.0,49.6,51.1,1057005,0.0,0
2017-05-02,51.1,51.9,50.7,50.9,617820,0.0,0
2017-05-03,50.9,51.5,49.9,50.6,881038,0.0,0
2017-05-04,50.6,52.7,50.5,51.6,1447055,0.0,0
2017-05-05,51.7,52.7,51.7,51.7,1750938,0.0,0
2017-05-08,51.8,52.9,51.8,52.7,1770066,0.0,0
2017-05-09,52.8,54.9,52.2,53.0,3430478,0.0,0
2017-05-10,53.1,53.6,52.3,53.4,1722329,0.0,0
2017-05-11,53.4,53.7,50.9,53.5,1855222,0.0,0
2017-05-12,53.5,54.2,52.5,52.5,848556,0.0,0
2017-05-15,51.7,52.9,51.5,51.5,1073105,0.0,0
2017-05-16,51.5,52.1,50.6,51.6,1029277,0.0,0
2017-05-17,51.1,51.6,50.0,51.1,1947791,0.0,0
2017-05-18,50.1,50.8,49.6,50.3,966513,0.0,0
2017-05-19,50.4,50.5,49.6,50.3,1207255,0.0,0
2017-05-22,50.1,54.3,49.7,53.0,2152259,0.0,0
2017-05-23,54.0,54.4,53.5,53.5,1925160,0.0,0
2017-05-24,53.9,56.4,53.8,56.0,2664391,0.0,0
2017-05-25,58.5,59.6,57.1,58.9,3423023,0.0,0
2017-05-26,59.5,59.6,58.1,58.3,1691718,0.0,0
2017-05-31,56.2,58.4,56.2,57.8,1942116,0.0,0
2017-06-01,57.8,58.8,57.5,57.5,1149116,0.0,0
2017-06-02,58.2,58.2,56.4,56.5,1100564,0.0,0
2017-06-05,56.5,56.5,55.6,56.3,809493,0.0,0
2017-06-06,56.2,57.6,55.6,56.7,1282962,0.0,0
2017-06-07,56.9,57.5,56.8,56.9,866505,0.0,0
2017-06-08,57.4,57.9,56.4,57.6,1171582,0.0,0
2017-06-09,58.0,60.7,57.9,60.2,3873184,0.0,0
2017-06-12,60.5,61.6,59.9,59.9,2146103,0.0,0
2017-06-13,59.7,60.1,57.2,57.2,2349090,0.0,0
2017-06-14,57.2,57.4,55.9,55.9,1586773,0.0,0
2017-06-15,55.5,55.7,53.6,54.9,2636834,0.0,0
2017-06-16,54.9,57.0,54.4,55.4,5234074,0.0,0
2017-06-19,55.2,55.3,53.5,54.3,2009345,0.0,0
2017-06-20,54.5,55.3,52.4,52.4,1499387,0.0,0
2017-06-21,52.4,53.1,52.3,52.5,4164037,0.0,0
2017-06-22,52.6,53.0,51.6,52.2,1618484,0.0,0
2017-06-23,52.2,53.2,51.0,52.2,1879200,0.0,0
2017-06-26,52.2,54.9,51.4,52.3,3319105,0.0,0
2017-06-27,52.0,53.0,52.0,52.8,948788,0.0,0
2017-06-28,52.7,53.3,52.6,52.6,1054779,0.0,0
2017-06-29,52.6,53.4,51.5,52.5,1260777,0.0,0
2017-06-30,51.9,53.0,51.3,53.0,1800356,0.0,0
2017-07-03,53.3,54.4,51.8,52.4,4461185,0.0,0
2017-07-04,52.3,52.6,50.4,51.6,2357201,0.0,0
2017-07-05,51.6,52.2,51.6,51.6,3588037,0.0,0
2017-07-06,51.9,52.1,50.9,51.8,1757860,0.0,0
2017-07-07,51.6,52.8,51.2,52.3,2502420,0.0,0
2017-07-10,52.8,53.7,52.4,53.7,4041357,0.0,0
2017-07-11,54.2,54.4,53.8,53.8,1440731,0.0,0
2017-07-12,54.1,57.3,54.1,57.3,3729541,0.0,0
2017-07-13,58.0,59.6,57.9,58.7,5704790,0.0,0
2017-07-14,58.9,59.3,58.7,59.0,3381190,0.0,0
2017-07-17,59.4,59.8,59.0,59.1,3854250,0.0,0
2017-07-18,59.1,59.1,54.7,54.7,3910945,0.0,0
2017-07-19,54.1,55.5,54.1,54.7,1963359,0.0,0
2017-07-20,55.2,55.7,49.25,49.25,1953020,0.0,0
2017-07-21,44.35,44.35,44.35,44.35,1026349,0.0,0
2017-07-24,39.95,40.4,39.95,39.95,10084388,0.0,0
2017-07-25,40.0,40.65,39.9,39.95,5800600,0.0,0
2017-07-26,40.4,40.4,39.9,39.9,2310517,0.0,0
2017-07-27,38.85,38.85,35.95,38.35,4830164,0.0,0
2017-07-28,37.8,38.35,34.65,36.4,8114516,0.0,0
2017-07-31,33.6,34.0,32.8,32.8,1376048,0.0,0
2017-08-01,29.55,29.55,29.55,29.55,486028,0.0,0
2017-08-02,26.6,26.6,26.6,26.6,250065,0.0,0
2017-08-03,23.95,23.95,23.95,23.95,31033,0.0,0
2017-08-04,21.6,23.95,21.6,22.6,6322164,0.0,0
2017-08-07,20.4,24.85,20.4,24.85,1414178,0.0,0
2017-08-08,27.3,27.3,27.3,27.3,579380,0.0,0
2017-08-09,30.0,30.0,27.9,29.6,3203765,0.0,0
2017-08-10,28.1,28.85,26.65,26.65,1403027,0.0,0
2017-08-11,24.0,27.65,24.0,24.0,1334475,0.0,0
2017-08-14,26.3,26.4,26.3,26.4,1103573,0.0,0
2017-08-15,24.0,25.6,23.8,23.8,1076102,0.0,0
2017-08-16,23.3,23.3,21.45,22.0,1150052,0.0,0
2017-08-17,21.0,23.9,21.0,22.6,752275,0.0,0
2017-08-18,23.0,24.85,23.0,24.85,909050,0.0,0
2017-08-21,25.5,27.2,24.85,26.5,3946473,0.0,0
2017-08-22,26.4,28.95,26.0,28.95,2193227,0.0,0
2017-08-23,29.25,31.5,29.25,31.0,3273221,0.0,0
2017-08-24,31.2,33.0,30.3,30.3,4173860,0.0,0
2017-08-25,30.6,31.2,28.8,29.75,2952537,0.0,0
2017-08-28,31.1,32.35,31.1,32.0,2331739,0.0,0
2017-08-29,32.4,34.95,32.0,34.95,4547180,0.0,0
2017-08-30,36.6,38.3,36.0,38.3,3827650,0.0,0
2017-08-31,39.3,39.3,36.5,36.55,3954238,0.0,0
2017-09-01,36.8,40.2,36.8,40.2,4342968,0.0,0
2017-09-04,40.7,43.25,39.8,40.2,5505297,0.0,0
2017-09-05,40.8,40.9,39.2,39.7,2255316,0.0,0
2017-09-06,39.0,39.6,37.5,37.5,2455621,0.0,0
2017-09-07,38.0,38.5,37.4,37.75,1876300,0.0,0
2017-09-08,38.25,39.5,38.0,39.5,1608341,0.0,0
2017-09-11,41.5,42.0,39.85,40.15,2335808,0.0,0
2017-09-12,40.85,42.0,39.15,40.3,3286694,0.0,0
2017-09-13,41.0,41.5,36.3,36.3,6456610,0.0,0
2017-09-14,36.3,37.85,36.0,37.85,4029037,0.0,0
2017-09-15,37.85,38.25,36.35,36.5,2861185,0.0,0
2017-09-18,37.5,37.5,35.7,35.8,2319075,0.0,0
2017-09-19,35.8,36.1,32.25,32.25,8191000,0.0,0
2017-09-20,31.7,33.1,29.6,32.7,4071056,0.0,0
2017-09-21,33.2,33.9,32.5,33.15,2368548,0.0,0
2017-09-22,33.25,33.5,32.15,32.95,2248001,0.0,0
2017-09-25,33.2,33.3,30.1,32.4,2514501,0.0,0
2017-09-26,31.5,32.3,30.5,31.0,2029443,0.0,0
2017-09-27,30.5,31.85,30.2,30.55,1814816,0.0,0
2017-09-28,31.0,31.2,30.3,30.5,888021,0.0,0
2017-09-29,30.7,31.05,29.0,30.05,2059718,0.0,0
2017-10-02,31.2,31.8,30.7,30.9,1015740,0.0,0
2017-10-03,31.2,31.45,30.4,30.4,789037,0.0,0
2017-10-05,30.5,31.6,30.15,30.85,2172000,0.0,0
2017-10-06,31.25,31.25,30.7,31.2,2148757,0.0,0
2017-10-11,31.6,32.45,30.6,31.3,1644975,0.0,0
2017-10-12,31.55,31.7,31.1,31.1,747022,0.0,0
2017-10-13,31.4,31.85,31.1,31.4,912612,0.0,0
2017-10-16,31.5,32.85,31.5,32.0,2924790,0.0,0
2017-10-17,32.2,32.35,28.8,29.9,5659655,0.0,0
2017-10-18,29.5,30.3,29.15,30.3,2258483,0.0,0
2017-10-19,29.9,30.4,29.25,29.75,2001301,0.0,0
2017-10-20,29.3,29.4,27.45,27.45,3387123,0.0,0
2017-10-23,27.55,28.95,26.4,28.5,3138033,0.0,0
2017-10-24,28.3,28.95,27.9,28.0,1237045,0.0,0
2017-10-25,28.2,28.35,26.9,26.9,1380865,0.0,0
2017-10-26,26.55,27.25,26.0,26.8,3524289,0.0,0
2017-10-27,26.55,27.1,25.7,26.0,3966148,0.0,0
2017-10-30,27.2,28.6,26.7,28.6,4263754,0.0,0
2017-10-31,29.05,31.45,29.05,31.45,6574090,0.0,0
2017-11-01,32.5,33.8,31.45,31.75,9784334,0.0,0
2017-11-02,31.4,31.65,30.2,30.6,3004449,0.0,0
2017-11-03,30.6,31.0,29.45,29.6,2596125,0.0,0
2017-11-06,29.65,30.6,28.6,28.6,2905000,0.0,0
2017-11-07,28.9,29.5,28.35,28.95,4772117,0.0,0
2017-11-08,28.95,30.5,28.95,29.6,4219152,0.0,0
2017-11-09,29.6,30.15,27.35,27.35,2997211,0.0,0
2017-11-10,28.45,29.7,28.0,28.85,2871148,0.0,0
2017-11-13,29.4,29.4,28.5,28.5,1150000,0.0,0
2017-11-14,28.3,29.8,27.2,28.9,3256001,0.0,0
2017-11-15,29.0,29.9,28.45,28.8,8546804,0.0,0
2017-11-16,29.05,29.75,28.85,28.85,3072092,0.0,0
2017-11-17,29.45,29.45,27.75,28.7,2181308,0.0,0
2017-11-20,28.7,29.05,28.15,28.2,958596,0.0,0
2017-11-21,28.3,28.95,28.2,28.25,1193037,0.0,0
2017-11-22,28.45,28.55,28.1,28.1,1093110,0.0,0
2017-11-23,28.4,29.2,28.3,29.0,3447243,0.0,0
2017-11-24,28.9,29.1,28.4,28.9,910128,0.0,0
2017-11-27,28.95,29.2,28.45,28.45,2436002,0.0,0
2017-11-28,28.4,29.4,28.0,28.0,7473646,0.0,0
2017-11-29,28.4,28.8,28.3,28.4,1864074,0.0,0
2017-11-30,28.45,28.9,27.0,28.9,4029118,0.0,0
2017-12-01,28.6,28.7,27.7,27.75,1439115,0.0,0
2017-12-04,28.0,28.3,27.5,27.85,1431002,0.0,0
2017-12-05,27.9,27.9,26.5,26.55,1545008,0.0,0
2017-12-06,27.1,27.85,27.05,27.75,3760001,0.0,0
2017-12-07,27.5,27.9,26.5,26.5,978103,0.0,0
2017-12-08,27.15,28.2,27.0,27.0,2964625,0.0,0
2017-12-11,27.95,28.8,27.6,27.8,2565811,0.0,0
2017-12-12,27.7,28.95,27.0,27.0,5002859,0.0,0
2017-12-13,29.7,29.7,29.7,29.7,4383597,0.0,0
2017-12-14,26.75,28.3,26.75,27.5,7647142,0.0,0
2017-12-15,27.3,27.8,26.9,26.9,1140093,0.0,0
2017-12-18,26.95,27.3,26.6,26.6,1339289,0.0,0
2017-12-19,26.6,27.1,26.05,26.5,1066986,0.0,0
2017-12-20,26.9,26.9,26.5,26.5,384108,0.0,0
2017-12-21,26.55,26.75,26.15,26.15,516225,0.0,0
2017-12-22,26.35,27.0,26.3,26.5,674218,0.0,0
2017-12-25,27.15,27.7,27.05,27.05,2440009,0.0,0
2017-12-26,27.2,27.2,26.4,26.5,876096,0.0,0
2017-12-27,29.15,29.15,24.3,25.1,18583296,0.0,0
2017-12-28,25.0,25.75,24.6,25.15,2215621,0.0,0
2017-12-29,25.25,26.0,24.8,26.0,1644623,0.0,0
2018-01-02,25.7,26.2,25.6,25.95,893285,0.0,0
2018-01-03,26.0,26.35,25.95,26.05,873130,0.0,0
2018-01-04,26.3,26.3,26.05,26.05,596120,0.0,0
2018-01-05,26.1,26.35,26.05,26.05,603019,0.0,0
2018-01-08,26.2,26.2,25.5,25.5,809436,0.0,0
2018-01-09,25.6,25.95,24.9,25.0,929006,0.0,0
2018-01-10,24.95,25.3,24.45,24.85,915001,0.0,0
2018-01-11,25.3,25.3,24.6,24.65,493000,0.0,0
2018-01-12,24.7,25.65,24.7,25.45,970006,0.0,0
2018-01-15,25.8,26.0,25.6,25.85,545371,0.0,0
2018-01-16,25.85,25.85,25.35,25.5,628074,0.0,0
2018-01-17,25.7,25.7,25.15,25.6,378174,0.0,0
2018-01-18,25.9,25.9,25.3,25.3,475384,0.0,0
2018-01-19,25.3,25.6,25.0,25.0,455567,0.0,0
2018-01-22,24.95,25.15,24.25,24.45,691892,0.0,0
2018-01-23,24.1,24.35,22.05,22.05,7630530,0.0,0
2018-01-24,21.45,24.25,21.45,23.25,5883137,0.0,0
2018-01-25,21.3,22.85,21.3,21.85,4182730,0.0,0
2018-01-26,21.75,22.4,21.6,22.25,1176400,0.0,0
2018-01-29,23.0,23.7,22.5,23.1,1991284,0.0,0
2018-01-30,21.9,22.5,21.9,22.1,2995877,0.0,0
2018-01-31,22.1,22.5,21.75,22.4,942286,0.0,0
2018-02-01,22.4,22.75,22.25,22.55,1658758,0.0,0
2018-02-02,22.8,23.4,22.65,23.15,1451497,0.0,0
2018-02-05,22.2,23.05,22.2,22.85,697005,0.0,0
2018-02-06,22.05,22.85,20.7,21.3,1604488,0.0,0
2018-02-07,21.8,22.3,21.7,21.7,915099,0.0,0
2018-02-08,21.9,22.0,19.55,19.55,3440335,0.0,0
2018-02-09,19.55,19.55,19.55,19.55,0,0.0,0
2018-02-12,19.7,19.7,19.05,19.5,1968000,0.0,0
2018-02-21,19.6,20.15,19.35,19.45,803085,0.0,0
2018-02-22,19.3,20.6,18.9,20.05,1815026,0.0,0
2018-02-23,20.15,21.2,19.8,19.85,2071074,0.0,0
2018-02-26,20.05,20.05,18.0,18.4,3074101,0.0,0
2018-02-27,18.75,18.85,18.5,18.6,951289,0.0,0
2018-03-01,18.4,18.75,18.15,18.6,442591,0.0,0
2018-03-02,18.5,19.1,18.4,18.6,818180,0.0,0
2018-03-05,18.9,19.1,18.55,18.85,957023,0.0,0
2018-03-06,19.3,19.3,18.75,18.8,851000,0.0,0
2018-03-07,19.0,19.1,18.4,18.4,1085000,0.0,0
2018-03-08,18.85,18.85,18.45,18.45,496116,0.0,0
2018-03-09,18.45,18.6,18.35,18.4,561024,0.0,0
2018-03-12,18.6,18.7,18.5,18.55,305000,0.0,0
2018-03-13,18.6,18.7,18.45,18.5,575238,0.0,0
2018-03-14,18.5,18.6,17.2,18.05,2208361,0.0,0
2018-03-15,18.1,19.2,18.1,18.8,3185059,0.0,0
2018-03-16,18.9,19.05,18.65,18.7,680033,0.0,0
2018-03-19,18.9,19.05,18.4,18.4,702113,0.0,0
2018-03-20,18.4,19.1,18.4,18.8,1630223,0.0,0
2018-03-21,19.1,20.5,19.1,19.85,3570215,0.0,0
2018-03-22,19.9,20.3,19.6,19.85,1465674,0.0,0
2018-03-23,19.5,19.9,18.6,19.85,1425030,0.0,0
2018-03-26,20.35,21.8,20.15,21.8,5669337,0.0,0
2018-03-27,21.8,22.5,21.15,22.0,5298116,0.0,0
2018-03-28,21.8,22.1,21.55,21.75,1704040,0.0,0
2018-03-29,21.75,21.85,20.3,20.65,2883506,0.0,0
2018-03-30,20.9,20.9,19.9,20.1,1548015,0.0,0
2018-04-02,19.5,19.7,18.5,19.2,2966003,0.0,0
2018-04-03,19.0,19.1,18.4,19.1,1964013,0.0,0
2018-04-09,19.25,19.3,18.55,18.8,853040,0.0,0
2018-04-10,19.2,20.1,18.9,19.35,1774532,0.0,0
2018-04-11,19.55,20.0,19.35,19.35,897198,0.0,0
2018-04-12,19.4,19.7,19.25,19.55,658391,0.0,0
2018-04-13,20.1,21.5,19.85,21.5,6102946,0.0,0
2018-04-16,22.15,22.15,20.35,20.4,5370110,0.0,0
2018-04-17,20.6,21.2,20.4,20.7,1463333,0.0,0
2018-04-18,21.0,22.1,20.95,21.65,3582174,0.0,0
2018-04-19,21.65,23.3,21.65,23.0,5548442,0.0,0
2018-04-20,23.3,23.45,22.5,23.45,2991800,0.0,0
2018-04-23,24.0,24.0,22.45,22.45,2352277,0.0,0
2018-04-24,22.8,23.05,21.3,21.85,1892296,0.0,0
2018-04-25,22.5,22.7,21.5,21.5,2004484,0.0,0
2018-04-26,21.55,22.35,20.0,20.05,3922489,0.0,0
2018-04-27,20.1,20.75,20.1,20.6,848481,0.0,0
2018-04-30,20.85,22.65,20.6,22.65,4173434,0.0,0
2018-05-02,22.4,23.55,21.6,22.0,3887886,0.0,0
2018-05-03,21.85,22.4,21.55,21.9,2390068,0.0,0
2018-05-04,21.7,22.4,21.6,22.4,741060,0.0,0
2018-05-07,23.0,23.8,22.6,22.8,6355012,0.0,0
2018-05-08,22.8,22.95,22.35,22.65,1341783,0.0,0
2018-05-09,22.8,23.2,22.1,22.1,1766201,0.0,0
2018-05-10,22.35,22.7,22.05,22.05,1017201,0.0,0
2018-05-11,22.3,22.3,21.0,21.2,1974525,0.0,0
2018-05-14,21.3,21.5,20.35,20.4,1103078,0.0,0
2018-05-15,20.3,20.65,19.65,20.5,1386181,0.0,0
2018-05-16,20.5,20.85,19.5,19.55,1624001,0.0,0
2018-05-17,19.65,20.2,19.55,20.1,944413,0.0,0
2018-05-18,20.1,20.25,19.75,19.75,426435,0.0,0
2018-05-21,19.95,20.1,19.5,19.55,749015,0.0,0
2018-05-22,19.6,19.65,18.8,18.9,1426601,0.0,0
2018-05-23,19.0,19.2,18.7,18.8,670843,0.0,0
2018-05-24,19.1,19.1,18.4,18.5,1088011,0.0,0
2018-05-25,18.5,19.7,18.5,19.0,2416001,0.0,0
2018-05-28,18.8,19.3,18.8,18.95,1250000,0.0,0
2018-05-29,19.05,19.9,18.95,19.05,4657611,0.0,0
2018-05-30,19.0,19.05,18.65,18.9,681681,0.0,0
2018-05-31,19.1,19.1,18.7,18.75,787000,0.0,0
2018-06-01,18.9,19.5,18.9,19.0,785000,0.0,0
2018-06-04,20.0,20.35,19.5,19.85,2844200,0.0,0
2018-06-05,21.0,21.15,20.2,20.2,3037952,0.0,0
2018-06-06,20.45,20.7,20.15,20.15,1406500,0.0,0
2018-06-07,20.5,20.5,19.95,20.0,877004,0.0,0
2018-06-08,20.05,20.35,19.8,20.05,880111,0.0,0
2018-06-11,20.3,21.35,20.3,21.3,5101221,0.0,0
2018-06-12,21.8,22.0,21.05,21.45,3581000,0.0,0
2018-06-13,21.6,22.1,21.25,21.25,1934002,0.0,0
2018-06-14,21.0,21.6,20.75,21.4,2546645,0.0,0
2018-06-15,21.6,21.7,21.1,21.2,766755,0.0,0
2018-06-19,21.3,21.4,21.0,21.05,843867,0.0,0
2018-06-20,21.1,21.25,20.15,20.8,1171024,0.0,0
2018-06-21,20.9,20.9,20.55,20.55,493144,0.0,0
2018-06-22,20.3,20.65,20.0,20.3,891065,0.0,0
2018-06-25,20.4,21.65,20.35,21.4,2089173,0.0,0
2018-06-26,21.2,21.3,20.15,20.75,1392396,0.0,0
2018-06-27,20.8,21.25,20.55,20.55,568111,0.0,0
2018-06-28,20.55,20.7,20.2,20.25,309150,0.0,0
2018-06-29,20.25,20.25,19.2,19.2,2855037,0.0,0
2018-07-02,19.4,19.85,19.2,19.25,2068000,0.0,0
2018-07-03,19.65,19.95,19.15,19.15,1403200,0.0,0
2018-07-04,19.45,19.65,19.25,19.5,743263,0.0,0
2018-07-05,19.35,19.5,18.15,19.25,1413000,0.0,0
2018-07-06,19.2,19.2,17.5,18.4,2294044,0.0,0
2018-07-09,18.0,18.0,17.15,17.3,1876201,0.0,0
2018-07-10,17.3,17.85,17.3,17.55,797184,0.0,0
2018-07-11,17.55,17.9,17.5,17.65,476396,0.0,0
2018-07-12,17.6,18.0,17.6,17.8,464000,0.0,0
2018-07-13,17.75,17.95,17.7,17.95,403003,0.0,0
2018-07-16,17.95,18.0,17.5,17.5,567010,0.0,0
2018-07-17,17.25,17.35,17.0,17.1,650000,0.0,0
2018-07-18,17.05,17.05,15.4,15.4,4025369,0.0,0
2018-07-19,15.2,15.9,15.15,15.9,2196225,0.0,0
2018-07-20,15.95,16.1,15.4,15.65,797000,0.0,0
2018-07-23,15.5,15.9,15.35,15.4,647250,0.0,0
2018-07-24,15.4,15.6,15.35,15.5,271298,0.0,0
2018-07-25,15.95,17.05,15.6,17.0,3224033,0.0,0
2018-07-26,16.95,17.45,16.6,17.45,3165874,0.0,0
2018-07-27,17.3,18.45,17.3,18.45,1970545,0.0,0
2018-07-30,18.1,18.45,17.8,18.45,1980668,0.0,0
2018-07-31,19.1,19.1,18.1,18.1,1810000,0.0,0
2018-08-01,18.15,18.45,17.95,18.05,707016,0.0,0
2018-08-02,18.05,18.15,17.15,17.45,1335002,0.0,0
2018-08-03,17.5,18.1,17.5,18.0,670372,0.0,0
2018-08-06,18.1,18.4,17.8,18.2,474222,0.0,0
2018-08-07,18.1,18.1,17.7,17.7,413000,0.0,0
2018-08-08,17.55,17.85,17.5,17.6,344411,0.0,0
2018-08-09,17.6,17.65,17.2,17.3,485000,0.0,0
2018-08-10,17.05,17.25,16.7,17.1,379001,0.0,0
2018-08-13,16.9,16.9,15.8,16.1,1139037,0.0,0
2018-08-14,15.85,16.75,15.85,16.2,517002,0.0,0
2018-08-15,16.1,16.35,16.05,16.15,281001,0.0,0
2018-08-16,16.45,16.45,16.1,16.1,372074,0.0,0
2018-08-17,16.35,16.35,16.0,16.2,319000,0.0,0
2018-08-20,16.1,16.25,16.0,16.0,284001,0.0,0
2018-08-21,16.1,16.15,15.6,15.8,491000,0.0,0
2018-08-22,15.8,15.8,15.4,15.65,476498,0.0,0
2018-08-23,15.65,15.9,15.65,15.8,230000,0.0,0
2018-08-24,15.8,15.95,15.5,15.6,204000,0.0,0
2018-08-27,15.75,15.8,15.6,15.75,248000,0.0,0
2018-08-28,15.8,16.2,15.8,16.2,461300,0.0,0
2018-08-29,16.4,16.4,15.95,16.3,709000,0.0,0
2018-08-30,16.65,16.65,16.25,16.3,139001,0.0,0
2018-08-31,16.1,16.4,16.1,16.3,254000,0.0,0
2018-09-03,16.3,16.3,16.0,16.2,309431,0.0,0
2018-09-04,16.05,16.25,16.05,16.2,154003,0.0,0
2018-09-05,16.25,16.25,15.95,16.0,194371,0.0,0
2018-09-06,16.3,16.8,16.2,16.2,570004,0.0,0
2018-09-07,16.3,17.25,16.1,16.35,1023005,0.0,0
2018-09-10,16.55,16.6,16.0,16.0,433004,0.0,0
2018-09-11,15.85,16.45,15.85,16.45,941784,0.0,0
2018-09-12,16.5,16.55,16.15,16.2,381280,0.0,0
2018-09-13,16.1,16.35,16.1,16.3,185006,0.0,0
2018-09-14,15.1,15.75,15.1,15.7,1205043,0.0,0
2018-09-17,15.3,15.4,14.15,14.15,2382231,0.0,0
2018-09-18,13.9,14.2,13.1,14.2,1696500,0.0,0
2018-09-19,14.2,14.5,14.0,14.4,629002,0.0,0
2018-09-20,14.35,14.35,13.9,14.05,332015,0.0,0
2018-09-21,14.0,14.15,13.85,13.85,333409,0.0,0
2018-09-25,13.8,13.85,12.5,12.5,1673224,0.0,0
2018-09-26,12.45,12.85,12.2,12.5,1813014,0.0,0
2018-09-27,12.6,13.2,12.6,13.05,1600019,0.0,0
2018-09-28,13.3,13.35,12.95,13.25,626000,0.0,0
2018-10-01,13.3,13.45,13.15,13.45,495003,0.0,0
2018-10-02,13.6,13.6,13.25,13.45,404001,0.0,0
2018-10-03,13.45,13.6,13.35,13.35,510003,0.0,0
2018-10-04,13.15,13.25,12.6,13.2,677001,0.0,0
2018-10-05,13.15,13.15,12.2,12.85,912518,0.0,0
2018-10-08,12.8,13.2,12.8,12.9,1080005,0.0,0
2018-10-09,13.1,13.1,12.75,12.75,137601,0.0,0
2018-10-11,11.8,12.25,11.5,11.6,1476500,0.0,0
2018-10-12,11.0,11.65,10.8,11.35,681033,0.0,0
2018-10-15,11.35,11.35,10.75,11.25,605004,0.0,0
2018-10-16,11.1,11.25,11.0,11.1,344003,0.0,0
2018-10-17,11.45,11.5,11.2,11.25,469351,0.0,0
2018-10-18,11.25,11.6,11.05,11.15,322002,0.0,0
2018-10-19,11.1,11.15,10.65,10.95,509001,0.0,0
2018-10-22,10.7,11.2,10.7,11.05,183000,0.0,0
2018-10-23,11.05,11.05,10.65,10.85,284075,0.0,0
2018-10-24,10.95,10.95,10.6,10.8,187001,0.0,0
2018-10-25,10.3,10.4,9.72,9.72,1430037,0.0,0
2018-10-26,9.5,10.15,9.5,9.76,1025013,0.0,0
2018-10-29,9.76,9.92,9.6,9.67,263011,0.0,0
2018-10-30,9.5,9.62,8.84,9.4,855933,0.0,0
2018-10-31,9.69,9.77,9.52,9.69,336261,0.0,0
2018-11-01,9.79,10.1,9.75,10.0,590000,0.0,0
2018-11-02,10.0,10.45,9.92,10.05,590000,0.0,0
2018-11-05,10.1,10.25,10.05,10.15,332029,0.0,0
2018-11-06,10.1,10.15,10.0,10.0,191029,0.0,0
2018-11-07,10.0,10.35,10.0,10.15,131006,0.0,0
2018-11-08,10.3,10.6,10.2,10.4,428007,0.0,0
2018-11-09,10.75,11.1,10.5,10.8,513000,0.0,0
2018-11-12,10.7,11.8,10.65,11.6,610471,0.0,0
2018-11-13,11.6,11.95,11.3,11.45,579010,0.0,0
2018-11-14,11.15,11.55,11.15,11.4,253000,0.0,0
2018-11-15,11.35,11.45,11.1,11.1,351000,0.0,0
2018-11-16,11.0,11.35,11.0,11.35,257001,0.0,0
2018-11-19,11.35,11.65,11.35,11.5,256013,0.0,0
2018-11-20,11.5,12.2,11.35,11.75,655000,0.0,0
2018-11-21,11.7,11.85,11.4,11.55,505000,0.0,0
2018-11-22,11.65,12.4,11.65,11.8,301010,0.0,0
2018-11-23,11.85,11.95,11.5,11.8,314000,0.0,0
2018-11-26,11.7,11.85,11.3,11.5,222000,0.0,0
2018-11-27,11.35,11.45,10.95,11.0,519371,0.0,0
2018-11-28,11.05,11.65,11.05,11.5,340003,0.0,0
2018-11-29,11.5,11.85,11.5,11.6,205000,0.0,0
2018-11-30,11.85,11.85,11.6,11.75,170002,0.0,0
2018-12-03,11.8,12.2,11.8,12.1,419016,0.0,0
2018-12-04,12.3,12.5,12.1,12.3,405005,0.0,0
2018-12-05,12.1,12.2,11.75,11.8,278003,0.0,0
2018-12-06,11.8,11.9,10.8,11.1,506001,0.0,0
2018-12-07,10.9,11.6,10.9,11.5,192182,0.0,0
2018-12-10,11.15,11.2,10.45,11.0,359000,0.0,0
2018-12-11,11.0,11.0,10.7,10.8,142599,0.0,0
2018-12-12,10.95,11.0,10.8,10.9,114074,0.0,0
2018-12-13,11.3,11.45,11.1,11.4,222002,0.0,0
2018-12-14,11.4,11.4,11.0,11.0,107900,0.0,0
2018-12-17,11.05,11.4,11.05,11.4,66007,0.0,0
2018-12-18,11.1,11.35,11.0,11.35,192011,0.0,0
2018-12-19,11.35,11.45,11.3,11.4,122010,0.0,0
2018-12-20,11.3,11.3,10.95,11.0,224849,0.0,0
2018-12-21,11.0,11.15,10.8,11.15,84032,0.0,0
2018-12-24,11.2,11.2,10.95,10.95,116093,0.0,0
2018-12-25,11.2,11.35,11.0,11.15,194001,0.0,0
2018-12-26,11.15,11.15,10.95,11.0,186003,0.0,0
2018-12-27,11.2,11.2,11.0,11.0,110004,0.0,0
2018-12-28,11.1,12.0,11.05,12.0,730100,0.0,0
2019-01-02,13.15,13.2,12.6,13.2,1442756,0.0,0
2019-01-03,14.0,14.5,13.85,14.5,1519211,0.0,0
2019-01-04,15.0,15.9,13.5,15.75,2620247,0.0,0
2019-01-07,16.5,16.5,15.75,16.05,2001088,0.0,0
2019-01-08,16.2,16.2,14.9,15.9,887262,0.0,0
2019-01-09,16.0,16.0,15.1,15.65,961083,0.0,0
2019-01-10,15.6,15.7,15.1,15.3,866485,0.0,0
2019-01-11,15.65,16.6,15.2,16.35,1156414,0.0,0
2019-01-14,16.4,16.4,15.85,16.15,580218,0.0,0
2019-01-15,16.15,16.15,15.7,15.9,236299,0.0,0
2019-01-16,16.0,16.0,15.5,15.5,231010,0.0,0
2019-01-17,15.5,15.5,15.1,15.4,243200,0.0,0
2019-01-18,15.35,15.8,15.15,15.5,294052,0.0,0
2019-01-21,15.5,16.2,15.15,15.95,499137,0.0,0
2019-01-22,15.8,15.8,15.15,15.45,433417,0.0,0
2019-01-23,15.45,15.8,14.8,15.5,607074,0.0,0
2019-01-24,15.5,15.75,15.25,15.6,277995,0.0,0
2019-01-25,16.0,17.15,15.8,17.15,2224673,0.0,0
2019-01-28,17.9,18.75,17.15,18.75,2370098,0.0,0
2019-01-29,18.65,18.65,17.55,18.0,1174738,0.0,0
2019-01-30,18.0,18.1,17.4,17.5,1087014,0.0,0
2019-02-11,17.65,19.15,17.65,19.0,1667610,0.0,0
2019-02-12,18.85,19.45,18.6,18.8,1330137,0.0,0
2019-02-13,18.8,19.0,17.8,18.2,1149000,0.0,0
2019-02-14,18.3,19.0,18.1,18.35,890075,0.0,0
2019-02-15,18.3,18.3,17.8,17.8,697185,0.0,0
2019-02-18,18.0,18.15,17.55,17.85,548723,0.0,0
2019-02-19,18.0,18.0,17.4,17.5,586019,0.0,0
2019-02-20,17.45,18.1,17.3,18.1,596021,0.0,0
2019-02-21,17.7,18.0,17.65,17.65,353243,0.0,0
2019-02-22,17.5,17.85,17.3,17.5,300035,0.0,0
2019-02-25,17.6,17.85,17.05,17.15,565041,0.0,0
2019-02-26,17.6,17.6,17.0,17.2,538057,0.0,0
2019-02-27,17.4,18.9,17.1,18.9,1883001,0.0,0
2019-03-04,19.0,19.15,18.3,18.9,1354230,0.0,0
2019-03-05,18.55,19.15,18.55,18.6,481570,0.0,0
2019-03-06,18.6,19.3,18.6,18.65,415093,0.0,0
2019-03-07,18.75,18.75,17.7,17.8,899500,0.0,0
2019-03-08,17.5,17.7,17.1,17.2,754437,0.0,0
2019-03-11,17.3,17.75,17.2,17.2,321110,0.0,0
2019-03-12,17.3,17.55,17.2,17.3,289140,0.0,0
2019-03-13,17.3,17.4,17.1,17.2,258041,0.0,0
2019-03-14,17.1,17.2,16.5,16.75,698156,0.0,0
2019-03-15,16.75,17.15,16.75,17.0,305345,0.0,0
2019-03-18,17.2,17.2,16.8,17.15,244177,0.0,0
2019-03-19,17.2,17.4,17.1,17.15,216048,0.0,0
2019-03-20,17.15,17.35,16.85,16.9,235075,0.0,0
2019-03-21,17.1,17.1,16.7,16.8,266034,0.0,0
2019-03-22,16.95,16.95,16.25,16.5,456013,0.0,0
2019-03-25,16.1,16.3,16.0,16.05,246036,0.0,0
2019-03-26,16.3,16.35,16.1,16.2,191051,0.0,0
2019-03-27,16.5,16.75,16.2,16.45,184081,0.0,0
2019-03-28,16.5,16.5,16.0,16.05,338561,0.0,0
2019-03-29,16.45,16.45,15.75,15.8,426850,0.0,0
2019-04-01,15.6,16.0,15.6,15.9,401496,0.0,0
2019-04-02,16.1,16.5,15.8,16.4,348635,0.0,0
2019-04-03,16.55,16.6,15.6,15.95,471199,0.0,0
2019-04-08,16.0,16.2,16.0,16.0,280331,0.0,0
2019-04-09,16.25,16.25,16.0,16.1,229185,0.0,0
2019-04-10,16.25,16.3,15.85,16.1,126004,0.0,0
2019-04-11,16.7,17.3,16.45,17.15,942166,0.0,0
2019-04-12,17.3,17.35,16.5,16.5,666056,0.0,0
2019-04-15,16.95,16.95,16.6,16.8,221039,0.0,0
2019-04-16,17.0,17.05,16.6,16.85,266099,0.0,0
2019-04-17,16.85,16.95,16.4,16.8,335009,0.0,0
2019-04-18,16.6,16.7,16.0,16.05,277145,0.0,0
2019-04-19,16.35,16.4,16.05,16.2,217099,0.0,0
2019-04-22,16.4,16.4,16.05,16.1,168300,0.0,0
2019-04-23,16.1,16.1,15.85,15.9,232003,0.0,0
2019-04-24,15.9,16.1,15.65,15.7,168012,0.0,0
2019-04-25,15.6,15.6,15.05,15.1,436277,0.0,0
2019-04-26,15.1,15.2,14.25,14.75,513005,0.0,0
2019-04-29,14.8,14.8,14.5,14.6,200212,0.0,0
2019-04-30,14.55,14.75,14.4,14.7,101303,0.0,0
2019-05-02,14.8,15.2,14.8,14.9,156030,0.0,0
2019-05-03,15.1,15.2,14.6,15.2,150380,0.0,0
2019-05-06,15.0,15.05,14.55,14.55,202037,0.0,0
2019-05-07,14.8,14.8,14.55,14.7,111261,0.0,0
2019-05-08,14.9,15.5,14.7,15.35,416006,0.0,0
2019-05-09,15.4,15.4,14.7,14.75,213230,0.0,0
2019-05-10,14.8,14.8,14.15,14.55,297320,0.0,0
2019-05-13,14.1,14.55,14.05,14.25,113094,0.0,0
2019-05-14,14.0,14.2,13.8,14.2,155375,0.0,0
2019-05-15,14.2,14.2,13.8,14.0,133268,0.0,0
2019-05-16,14.1,14.2,13.85,14.0,97119,0.0,0
2019-05-17,14.2,14.2,13.8,13.8,82201,0.0,0
2019-05-20,13.85,13.85,13.5,13.7,73002,0.0,0
2019-05-21,13.7,13.85,13.5,13.85,71029,0.0,0
2019-05-22,14.0,14.0,13.6,13.6,43121,0.0,0
2019-05-23,13.5,13.7,13.2,13.7,139122,0.0,0
2019-05-24,13.7,13.75,13.4,13.75,72040,0.0,0
2019-05-27,13.55,13.8,13.4,13.7,53001,0.0,0
2019-05-28,13.65,13.7,13.4,13.7,69644,0.0,0
2019-05-29,13.65,13.8,13.4,13.55,37200,0.0,0
2019-05-30,13.6,13.85,13.6,13.65,72040,0.0,0
2019-05-31,13.4,13.6,13.4,13.55,50018,0.0,0
2019-06-03,13.6,13.65,13.4,13.6,47186,0.0,0
2019-06-04,13.6,13.6,13.45,13.45,78999,0.0,0
2019-06-05,13.45,13.5,13.35,13.45,62002,0.0,0
2019-06-06,13.45,13.65,13.45,13.6,85072,0.0,0
2019-06-10,13.7,13.95,13.5,13.55,185004,0.0,0
2019-06-11,13.7,13.9,13.45,13.6,56357,0.0,0
2019-06-12,13.65,13.65,13.4,13.4,75017,0.0,0
2019-06-13,13.45,13.6,13.2,13.2,105008,0.0,0
2019-06-14,13.2,13.4,13.2,13.3,125001,0.0,0
2019-06-17,13.3,13.3,12.9,13.0,142002,0.0,0
2019-06-18,13.0,13.0,12.85,12.85,59186,0.0,0
2019-06-19,13.1,13.1,12.9,13.0,110112,0.0,0
2019-06-20,13.05,13.05,12.75,12.9,188104,0.0,0
2019-06-21,12.95,13.05,12.9,13.05,149059,0.0,0
2019-06-24,13.05,13.05,12.95,13.0,54002,0.0,0
2019-06-25,13.1,14.3,13.1,14.3,791143,0.0,0
2019-06-26,14.3,14.3,13.75,13.85,524090,0.0,0
2019-06-27,13.85,14.2,13.85,14.0,179000,0.0,0
2019-06-28,14.2,14.3,13.95,14.0,159118,0.0,0
2019-07-01,14.2,14.25,13.95,14.0,206001,0.0,0
2019-07-02,14.1,14.1,13.9,13.9,129037,0.0,0
2019-07-03,14.0,14.0,13.8,13.8,62000,0.0,0
2019-07-04,14.2,14.2,13.85,13.85,65000,0.0,0
2019-07-05,13.9,14.2,13.9,14.05,98000,0.0,0
2019-07-08,14.1,14.15,14.0,14.1,130000,0.0,0
2019-07-09,14.0,14.05,13.8,13.95,119000,0.0,0
2019-07-10,13.95,14.1,13.8,13.8,53000,0.0,0
2019-07-11,13.8,13.8,13.7,13.7,80329,0.0,0
2019-07-12,13.9,13.9,13.7,13.75,65289,0.0,0
2019-07-15,13.75,13.75,13.4,13.4,100000,0.0,0
2019-07-16,13.65,13.75,13.5,13.7,63010,0.0,0
2019-07-17,13.7,13.7,13.5,13.55,35800,0.0,0
2019-07-18,13.45,13.65,13.45,13.6,43379,0.0,0
2019-07-19,13.5,13.6,13.45,13.55,78207,0.0,0
2019-07-22,13.45,13.65,13.35,13.65,159558,0.0,0
2019-07-23,12.8,14.0,12.8,13.5,181000,0.0,0
2019-07-24,13.4,13.75,13.35,13.5,97000,0.0,0
2019-07-25,13.65,13.65,13.4,13.4,155001,0.0,0
2019-07-26,13.4,13.75,13.4,13.5,62100,0.0,0
2019-07-29,13.5,13.65,13.4,13.45,120185,0.0,0
2019-07-30,13.6,13.6,13.2,13.4,121929,0.0,0
2019-07-31,13.4,13.4,13.25,13.25,59001,0.0,0
2019-08-01,13.3,13.55,13.2,13.35,73283,0.0,0
2019-08-02,13.35,13.35,13.15,13.3,75000,0.0,0
2019-08-05,13.2,13.2,13.1,13.1,85005,0.0,0
2019-08-06,13.0,13.0,12.7,12.8,178219,0.0,0
2019-08-07,12.85,12.95,12.75,12.8,68000,0.0,0
2019-08-08,12.8,13.05,12.75,12.75,51001,0.0,0
2019-08-12,12.8,12.9,12.2,12.35,262101,0.0,0
2019-08-13,12.35,12.35,12.0,12.1,183000,0.0,0
2019-08-14,12.25,12.3,12.05,12.05,68222,0.0,0
2019-08-15,11.8,12.0,11.7,11.85,152345,0.0,0
2019-08-16,11.95,12.25,11.95,12.15,108001,0.0,0
2019-08-19,12.3,12.35,12.1,12.1,96021,0.0,0
2019-08-20,12.25,12.25,12.0,12.05,46000,0.0,0
2019-08-21,12.25,12.25,12.05,12.2,21002,0.0,0
2019-08-22,12.35,12.35,12.2,12.2,61005,0.0,0
2019-08-23,12.25,12.3,12.2,12.25,37370,0.0,0
2019-08-26,12.25,12.25,12.0,12.15,70041,0.0,0
2019-08-27,12.25,12.25,12.15,12.2,57052,0.0,0
2019-08-28,12.2,12.2,12.05,12.2,28226,0.0,0
2019-08-29,12.1,12.15,12.05,12.05,65225,0.0,0
2019-08-30,12.05,12.3,12.05,12.2,109008,0.0,0
2019-09-02,12.35,12.4,12.2,12.3,74138,0.0,0
2019-09-03,12.5,12.75,12.4,12.75,237373,0.0,0
2019-09-04,12.7,12.8,12.55,12.8,163101,0.0,0
2019-09-05,12.75,12.95,12.75,12.8,112043,0.0,0
2019-09-06,12.8,12.8,12.55,12.55,76201,0.0,0
2019-09-10,12.55,12.55,12.4,12.55,104466,0.0,0
2019-09-11,12.55,12.6,12.4,12.5,59001,0.0,0
2019-09-12,12.7,12.7,12.25,12.5,267002,0.0,0
2019-09-16,12.35,12.45,11.9,12.15,330612,0.0,0
2019-09-17,12.15,12.15,12.0,12.05,97115,0.0,0
2019-09-18,12.75,12.75,12.2,12.3,390011,0.0,0
2019-09-19,12.2,12.45,12.2,12.25,132742,0.0,0
2019-09-20,12.3,12.35,12.15,12.2,223014,0.0,0
2019-09-23,12.3,12.3,12.15,12.15,92000,0.0,0
2019-09-24,12.15,12.4,12.15,12.3,142258,0.0,0
2019-09-25,12.15,12.3,12.15,12.15,66002,0.0,0
2019-09-26,12.15,12.15,12.05,12.05,118143,0.0,0
2019-09-27,12.05,12.05,11.8,11.8,166400,0.0,0
2019-10-01,11.8,12.1,11.8,11.8,103001,0.0,0
2019-10-02,11.85,11.9,11.7,11.75,172002,0.0,0
2019-10-03,11.9,11.9,11.6,11.7,81187,0.0,0
2019-10-04,11.7,11.95,11.7,11.8,69457,0.0,0
2019-10-07,11.8,11.8,11.65,11.65,62000,0.0,0
2019-10-08,11.65,11.7,11.65,11.65,32001,0.0,0
2019-10-09,11.5,11.55,11.45,11.45,122838,0.0,0
2019-10-14,11.6,11.8,11.5,11.65,115294,0.0,0
2019-10-15,11.5,11.65,11.35,11.5,102001,0.0,0
2019-10-16,11.75,11.75,11.6,11.6,129549,0.0,0
2019-10-17,11.65,12.25,11.65,12.1,379563,0.0,0
2019-10-18,12.35,13.3,12.2,13.3,634728,0.0,0
2019-10-21,13.8,14.6,13.8,14.6,1918627,0.0,0
2019-10-22,14.75,16.05,14.75,16.05,2237557,0.0,0
2019-10-23,16.25,16.3,15.5,15.9,1188370,0.0,0
2019-10-24,16.4,16.4,15.6,15.75,738393,0.0,0
2019-10-25,16.0,16.0,14.8,15.25,860262,0.0,0
2019-10-28,15.15,15.15,14.7,14.9,468574,0.0,0
2019-10-29,14.95,15.4,14.95,15.15,435009,0.0,0
2019-10-30,14.95,15.15,14.8,15.15,172518,0.0,0
2019-10-31,15.3,15.5,15.1,15.15,321500,0.0,0
2019-11-01,15.25,15.25,14.9,15.2,239185,0.0,0
2019-11-04,15.4,16.7,15.4,16.7,1205000,0.0,0
2019-11-05,17.25,17.95,17.0,17.1,1751000,0.0,0
2019-11-06,17.1,17.3,16.0,16.2,882000,0.0,0
2019-11-07,16.2,17.4,16.05,16.7,892000,0.0,0
2019-11-08,16.9,17.7,16.7,16.95,1179467,0.0,0
2019-11-11,17.5,17.8,16.9,17.1,1038000,0.0,0
2019-11-12,17.05,17.45,16.65,16.65,620000,0.0,0
2019-11-13,16.6,16.95,15.9,16.2,705000,0.0,0
2019-11-14,16.05,16.65,16.05,16.15,354000,0.0,0
2019-11-15,16.3,16.6,16.1,16.6,185002,0.0,0
2019-11-18,16.7,17.25,16.55,17.05,597000,0.0,0
2019-11-19,16.9,17.1,16.2,16.9,505000,0.0,0
2019-11-20,16.9,16.9,16.25,16.3,358000,0.0,0
2019-11-21,16.3,16.5,15.9,15.9,511000,0.0,0
2019-11-22,16.0,16.8,16.0,16.2,403000,0.0,0
2019-11-25,16.5,16.5,16.2,16.25,197000,0.0,0
2019-11-26,16.25,16.4,15.9,16.1,330000,0.0,0
2019-11-27,16.2,16.2,15.45,15.6,384000,0.0,0
2019-11-28,15.6,15.65,15.3,15.5,317000,0.0,0
2019-11-29,15.55,15.95,15.45,15.95,251075,0.0,0
2019-12-02,16.0,16.45,15.6,16.4,272000,0.0,0
2019-12-03,16.3,16.5,16.25,16.35,289000,0.0,0
2019-12-04,16.05,16.3,16.0,16.0,258000,0.0,0
2019-12-05,16.0,16.2,15.95,16.05,110000,0.0,0
2019-12-06,15.95,15.95,15.6,15.7,188001,0.0,0
2019-12-09,15.7,15.95,15.6,15.85,107000,0.0,0
2019-12-10,16.0,16.0,15.55,15.55,99000,0.0,0
2019-12-11,15.8,15.8,15.55,15.6,114000,0.0,0
2019-12-12,17.05,17.15,16.8,17.15,893000,0.0,0
2019-12-13,17.05,18.5,17.05,17.55,2498278,0.0,0
2019-12-16,17.6,17.75,16.8,17.35,668000,0.0,0
2019-12-17,17.35,17.35,16.3,16.9,1016000,0.0,0
2019-12-18,16.85,16.85,16.3,16.4,373000,0.0,0
2019-12-19,16.5,16.5,15.85,15.9,656000,0.0,0
2019-12-20,15.8,16.25,15.8,16.15,213483,0.0,0
2019-12-23,16.2,16.25,16.05,16.05,111000,0.0,0
2019-12-24,16.05,16.15,16.0,16.1,148000,0.0,0
2019-12-25,16.05,16.4,16.05,16.1,171000,0.0,0
2019-12-26,16.2,16.5,16.1,16.1,202000,0.0,0
2019-12-27,16.2,16.25,16.1,16.15,185010,0.0,0
2019-12-30,16.5,16.7,16.15,16.2,157000,0.0,0
2019-12-31,17.1,17.3,16.45,16.7,1101556,0.0,0
2020-01-02,16.5,16.9,16.5,16.7,506000,0.0,0
2020-01-03,16.55,16.6,16.0,16.1,813111,0.0,0
2020-01-06,16.1,16.2,15.95,16.1,172000,0.0,0
2020-01-07,16.2,16.3,16.05,16.1,100000,0.0,0
2020-01-08,16.15,16.15,14.8,15.35,428000,0.0,0
2020-01-09,15.6,15.7,15.35,15.4,261000,0.0,0
2020-01-10,15.6,15.6,15.25,15.35,142000,0.0,0
2020-01-13,15.5,15.5,15.05,15.15,285000,0.0,0
2020-01-14,15.3,15.35,15.1,15.35,165000,0.0,0
2020-01-15,15.4,15.85,15.4,15.45,167000,0.0,0
2020-01-16,16.3,16.3,15.35,15.45,250000,0.0,0
2020-01-17,15.45,15.6,15.3,15.35,88008,0.0,0
2020-01-20,15.35,15.6,15.25,15.25,148006,0.0,0
2020-01-30,14.7,14.7,13.75,13.75,476000,0.0,0
2020-01-31,13.7,14.0,13.7,13.75,294064,0.0,0
2020-02-03,12.8,13.0,12.4,12.65,336000,0.0,0
2020-02-04,12.65,13.1,12.65,12.8,375000,0.0,0
2020-02-05,12.9,13.1,12.9,13.0,153000,0.0,0
2020-02-06,13.2,13.45,13.1,13.45,151000,0.0,0
2020-02-07,13.55,13.55,12.8,12.85,491018,0.0,0
2020-02-10,12.8,12.95,12.6,12.95,98013,0.0,0
2020-02-11,13.0,13.4,12.9,13.05,236000,0.0,0
2020-02-12,13.2,13.2,12.9,13.0,198000,0.0,0
2020-02-13,13.15,13.3,12.9,12.95,195000,0.0,0
2020-02-14,13.1,14.2,12.85,14.2,1021001,0.0,0
2020-02-17,14.4,14.95,14.05,14.2,809000,0.0,0
2020-02-18,14.2,14.2,13.75,13.8,271000,0.0,0
2020-02-19,14.1,14.1,13.75,13.95,163000,0.0,0
2020-02-20,14.4,15.25,14.35,15.0,1030000,0.0,0
2020-02-21,14.85,15.05,14.6,15.0,492186,0.0,0
2020-02-24,14.9,15.15,14.6,15.1,350000,0.0,0
2020-02-25,15.05,15.1,14.75,15.05,726000,0.0,0
2020-02-26,14.85,15.0,14.55,14.6,382000,0.0,0
2020-02-27,14.6,14.95,14.0,14.5,714000,0.0,0
2020-03-02,14.1,14.55,14.1,14.3,277000,0.0,0
2020-03-03,14.3,14.75,14.3,14.4,475000,0.0,0
2020-03-04,14.4,14.4,13.9,13.9,409000,0.0,0
2020-03-05,14.1,14.35,13.9,14.0,594000,0.0,0
2020-03-06,14.0,14.05,13.6,14.0,391000,0.0,0
2020-03-09,13.7,13.8,13.4,13.4,239000,0.0,0
2020-03-10,13.4,14.7,13.3,14.7,1216000,0.0,0
2020-03-11,15.1,15.8,14.85,15.25,1848000,0.0,0
2020-03-12,15.0,15.0,13.75,14.4,1188000,0.0,0
2020-03-13,14.4,14.4,14.4,14.4,0,0.0,0
2020-03-16,13.6,14.05,13.2,13.25,442000,0.0,0
2020-03-17,12.5,13.2,12.5,12.5,479000,0.0,0
2020-03-18,12.5,12.5,12.5,12.5,0,0.0,0
2020-03-19,11.7,11.7,10.85,10.85,535000,0.0,0
2020-03-20,11.1,11.7,11.1,11.35,294000,0.0,0
2020-03-23,10.9,10.9,10.25,10.3,380000,0.0,0
2020-03-24,10.55,10.6,10.35,10.4,346000,0.0,0
2020-03-25,11.1,11.1,10.7,10.8,279000,0.0,0
2020-03-26,10.9,11.2,10.2,11.2,518000,0.0,0
2020-03-27,11.3,11.35,10.9,10.9,414000,0.0,0
2020-03-30,10.8,10.8,10.3,10.65,202000,0.0,0
2020-03-31,10.65,10.85,10.5,10.5,230000,0.0,0
2020-04-01,10.3,10.4,9.45,9.88,904000,0.0,0
2020-04-06,8.9,8.92,8.9,8.9,277000,0.0,0
2020-04-07,8.1,8.47,8.01,8.19,828000,0.0,0
2020-04-08,8.2,9.0,8.2,9.0,163000,0.0,0
2020-04-09,9.5,9.9,9.5,9.9,185000,0.0,0
2020-04-10,10.85,10.85,10.85,10.85,680000,0.0,0
2020-04-13,11.0,11.0,10.35,11.0,662000,0.0,0
2020-04-14,11.0,11.0,10.2,10.7,275000,0.0,0
2020-04-15,10.15,10.7,10.15,10.55,155000,0.0,0
2020-04-16,10.55,11.0,10.55,10.55,158000,0.0,0
2020-04-17,10.8,10.95,10.2,10.65,199000,0.0,0
2020-04-20,10.65,10.65,10.05,10.35,88000,0.0,0
2020-04-21,10.4,10.4,9.49,9.8,121000,0.0,0
2020-04-22,9.55,9.85,9.55,9.55,62000,0.0,0
2020-04-23,8.9,9.59,8.9,9.1,15000,0.0,0
2020-04-24,9.15,9.69,9.15,9.21,38000,0.0,0
